999,Tops And Tunics,http://images.voonik.com/5727/sleeve-less-embellished-grey-dress-product.jpg
899,Gritstones,http://images.voonik.com/39821/sleeve-less-solid-black-dress-2-product.jpg
1699,Oviya,http://images.voonik.com/39931/black-cotton-satin-dresses-product.jpg
899,Gritstones,http://images.voonik.com/90041/sleeve-less-solid-blue-dress-2-product.jpg
1699,Oviya,http://images.voonik.com/10761/red-cotton-twill-dresses-product.jpg
649,Yepme,http://images.voonik.com/75771/ambrosia-blue-check-ombre-tunic-product.jpg
909,Tops And Tunics,http://images.voonik.com/13092/sleeve-less-embellished-green-dress-1-product.jpg
750,Harpa,http://images.voonik.com/09973/cap-sleeve-printed-purple-dress-product.jpg
999,OOMPH!,http://images.voonik.com/74083/off-white-floral-printed-summer-dress-product.jpg
950,Faballey,http://images.voonik.com/16934/short-sleeve-solid-red-dress-product.jpg
750,Harpa,http://images.voonik.com/74344/solid-black-dress-1-product.jpg
1299,MIAMINX,http://images.voonik.com/31444/black-georgette-long-party-dress-with-lace-yoke-product.jpg
600,Harpa,http://images.voonik.com/77654/mega-sleeves-self-pattern-black-dress-product.jpg
909,Oviya,http://images.voonik.com/89654/red-dress-5-product.jpg
1350,Faballey,http://images.voonik.com/05754/black-stripes-dress-product.jpg
750,Harpa,http://images.voonik.com/64174/black-solid-dress-1-product.jpg
948,Vero Moda,http://images.voonik.com/14394/sleeve-less-black-dress-1-product.jpg
1148,Vero Moda,http://images.voonik.com/09105/sleeve-less-red-dress-product.jpg
750,Kaxiaa,http://images.voonik.com/23205/sleeve-less-embellished-cream-dress-product.jpg
899,Millefleur,http://images.voonik.com/57205/offwhite-dress-product.jpg
